0047d8c0;0x1ce;HSD_SWITCH_STATE_MAX;0x0
0047d8d8;0x175;HSD_STA_ENABLE;0x0
0047d8e2;0x174;HSD_STA_DISABLE;0x1
0047d8f0;0x175;HSD_STA_ENABLE;0x1
0047d8fa;0x174;HSD_STA_DISABLE;0x0
0047d908;0x179;HSD_STA_OFF;0x0
0047d912;0x17a;HSD_STA_ON;0x1
0047d920;0x17a;HSD_STA_ON;0x0
0047d92a;0x179;HSD_STA_OFF;0x1
0047d938;0x177;HSD_STA_LOW;0x0
0047d942;0x17c;HSD_STA_HIGH;0x1
0047d950;0x17c;HSD_STA_HIGH;0x0
0047d95a;0x177;HSD_STA_LOW;0x1
0047d968;0x178;HSD_STA_NOT_PRESENT;0x0
0047d972;0x17b;HSD_STA_PRESENT;0x1
0047d980;0x178;HSD_STA_NOT_PRESENT;0x1
0047d98a;0x17b;HSD_STA_PRESENT;0x0
0047d998;0x3d;HSD_STA_DIG_PENDING;0x1
0047d9a2;0x39;HSD_STA_DIG_NOT_PENDING;0x0
0047d9b0;0x171;HSD_STA_FALLING;0x0
0047d9ba;0x172;HSD_STA_RISING;0x1
0047d9c8;0x171;HSD_STA_FALLING;0x1
0047d9d2;0x172;HSD_STA_RISING;0x0
0047d9e0;0x1a8;HSD_STA_BUSY;0x1
0047d9ea;0x1a9;HSD_STA_NOT_BUSY;0x0
0047d9f8;0xdc;HSD_STA_REF_DIAG_SEL_RESERVE;0x0
0047da02;0xda;HSD_STA_REF_DIAG_SEL_NET_CLK_1_OSZ_CTRL_VOLTAGE;0x1
0047da0c;0xdb;HSD_STA_REF_DIAG_SEL_NET_CLK_2_OSZ_CTRL_VOLTAGE;0x2
0047da16;0xd7;HSD_STA_REF_DIAG_SEL_110_8_OSZ_CTRL_VOLTAGE;0x3
0047da20;0xd6;HSD_STA_REF_DIAG_SEL_110_8_OSZ_AMPL_VOLTAGE;0x4
0047da2a;0xd8;HSD_STA_REF_DIAG_SEL_3_3_V_POWER_SUPPLY;0x5
0047da34;0xd9;HSD_STA_REF_DIAG_SEL_5_V_REF_VOLTAGE;0x6
0047da3e;0xdd;HSD_STA_REF_DIAG_SEL_TEMPERATURE;0x7
0047da48;0xf5;HSD_STA_REF_REF_FREQ_INPUT_SEL_TCXO;0x0
0047da52;0xf4;HSD_STA_REF_REF_FREQ_INPUT_SEL_REFIN_10KHZ_52MHZ;0x1
0047da5c;0xf3;HSD_STA_REF_REF_FREQ_INPUT_SEL_OCXO;0x2
0047da66;0xf2;HSD_STA_REF_REF_FREQ_INPUT_SEL_ABISSYNCOUT;0x3
0047da70;0xf8;HSD_STA_REF_TIME_SEL_0;0x0
0047da7a;0xf9;HSD_STA_REF_TIME_SEL_1;0x1
0047da88;0xde;HSD_STA_REF_NET_CLK_1_DDS_FREQ_REG_ACTIVATE_0;0x0
0047da92;0xdf;HSD_STA_REF_NET_CLK_1_DDS_FREQ_REG_ACTIVATE_1;0x1
0047daa0;0xe0;HSD_STA_REF_NET_CLK_1_DDS_PHASE_REG_ACTIVATE_0;0x0
0047daaa;0xe1;HSD_STA_REF_NET_CLK_1_DDS_PHASE_REG_ACTIVATE_1;0x1
0047dab4;0xe2;HSD_STA_REF_NET_CLK_1_DDS_PHASE_REG_ACTIVATE_2;0x2
0047dabe;0xe3;HSD_STA_REF_NET_CLK_1_DDS_PHASE_REG_ACTIVATE_3;0x3
0047dad0;0xe4;HSD_STA_REF_NET_CLK_2_DDS_FREQ_REG_ACTIVATE_0;0x0
0047dada;0xe5;HSD_STA_REF_NET_CLK_2_DDS_FREQ_REG_ACTIVATE_1;0x1
0047dae8;0xe6;HSD_STA_REF_NET_CLK_2_DDS_PHASE_REG_ACTIVATE_0;0x0
0047daf2;0xe7;HSD_STA_REF_NET_CLK_2_DDS_PHASE_REG_ACTIVATE_1;0x1
0047dafc;0xe8;HSD_STA_REF_NET_CLK_2_DDS_PHASE_REG_ACTIVATE_2;0x2
0047db06;0xe9;HSD_STA_REF_NET_CLK_2_DDS_PHASE_REG_ACTIVATE_3;0x3
0047db18;0xeb;HSD_STA_REF_NET_CLK_DDS_ADR_SEL_FREQ_0_LOW_WORD;0x0
0047db22;0xea;HSD_STA_REF_NET_CLK_DDS_ADR_SEL_FREQ_0_HIGH_WORD;0x1
0047db2c;0xed;HSD_STA_REF_NET_CLK_DDS_ADR_SEL_FREQ_1_LOW_WORD;0x2
0047db36;0xec;HSD_STA_REF_NET_CLK_DDS_ADR_SEL_FREQ_1_HIGH_WORD;0x3
0047db40;0xee;HSD_STA_REF_NET_CLK_DDS_ADR_SEL_PHASE_0;0x4
0047db4a;0xef;HSD_STA_REF_NET_CLK_DDS_ADR_SEL_PHASE_1;0x5
0047db54;0xf0;HSD_STA_REF_NET_CLK_DDS_ADR_SEL_PHASE_2;0x6
0047db5e;0xf1;HSD_STA_REF_NET_CLK_DDS_ADR_SEL_PHASE_3;0x7
0047db70;0x176;HSD_STA_LOCKED;0x0
0047db7a;0x173;HSD_STA_UNLOCKED;0x1
0047db98;0xf7;HSD_STA_REF_RG_SINGLE_MODE;0x0
0047dba2;0xf6;HSD_STA_REF_RG_DUAL_MODE;0x1
0047dbb0;0x17a;HSD_STA_ON;0x0
0047dbba;0x179;HSD_STA_OFF;0x3
0047dbc8;0xa0;HSD_STA_FE_CON_1_SEL_NONE_ACTIVE;0x1
0047dbd2;0xa1;HSD_STA_FE_CON_1_SEL_RF2;0x0
0047dbdc;0xa2;HSD_STA_FE_CON_1_SEL_RF4IN;0x3
0047dbe8;0xa3;HSD_STA_FE_CON_2_SEL_NONE_ACTIVE;0x1
0047dbf2;0xa4;HSD_STA_FE_CON_2_SEL_RF1;0x0
0047dbfc;0xa5;HSD_STA_FE_CON_2_SEL_RF3OUT;0x3
0047dc08;0xca;HSD_STA_FE_RF_TX_1_SEL_NONE_ACTIVE;0x3
0047dc12;0xc8;HSD_STA_FE_RF_TX_1_SEL_CON_1;0x6
0047dc1c;0xc9;HSD_STA_FE_RF_TX_1_SEL_CON_2;0x1
0047dc28;0xcd;HSD_STA_FE_RF_TX_2_SEL_NONE_ACTIVE;0x1
0047dc32;0xcb;HSD_STA_FE_RF_TX_2_SEL_CON_1;0x3
0047dc3c;0xcc;HSD_STA_FE_RF_TX_2_SEL_CON_2;0x0
0047dc48;0xc4;HSD_STA_FE_RF_RX_1_SEL_NONE_ACTIVE;0x3
0047dc52;0xc2;HSD_STA_FE_RF_RX_1_SEL_CON_1;0x6
0047dc5c;0xc3;HSD_STA_FE_RF_RX_1_SEL_CON_2;0x1
0047dc68;0xc7;HSD_STA_FE_RF_RX_2_SEL_NONE_ACTIVE;0x3
0047dc72;0xc5;HSD_STA_FE_RF_RX_2_SEL_CON_1;0x6
0047dc7c;0xc6;HSD_STA_FE_RF_RX_2_SEL_CON_2;0x1
0047dc88;0xb7;HSD_STA_FE_DIODE_SEL_1;0x0
0047dc92;0xb8;HSD_STA_FE_DIODE_SEL_2;0x1
0047dc9c;0xba;HSD_STA_FE_DIODE_SEL_OFF_5_V_REF;0x2
0047dca6;0xb9;HSD_STA_FE_DIODE_SEL_OFF_2_5_V_REF;0x3
0047dcb0;0xbf;HSD_STA_FE_PEAK_DET_CTRL_BYPASS;0x2
0047dcba;0xc0;HSD_STA_FE_PEAK_DET_CTRL_PEAK;0x0
0047dcc4;0xc1;HSD_STA_FE_PEAK_DET_CTRL_RESET;0x3
0047dcd0;0xce;HSD_STA_FE_S_H_CTRL_HOLD;0x0
0047dcda;0xcf;HSD_STA_FE_S_H_CTRL_SAMPLE;0x1
0047dce8;0xbc;HSD_STA_FE_DIODE_TIME_CONST_SEL_2_US;0x0
0047dcf2;0xbb;HSD_STA_FE_DIODE_TIME_CONST_SEL_2_MS;0x1
0047dd00;0xad;HSD_STA_FE_DIAG_SEL_M_8_V;0x10
0047dd0a;0xb0;HSD_STA_FE_DIAG_SEL_RESET;0x11
0047dd14;0xa9;HSD_STA_FE_DIAG_SEL_5_V_REF;0x12
0047dd1e;0xa7;HSD_STA_FE_DIAG_SEL_16_V;0x13
0047dd28;0xb1;HSD_STA_FE_DIAG_SEL_SAMPLE;0x14
0047dd32;0xa6;HSD_STA_FE_DIAG_SEL_0_25_V_REF;0x15
0047dd3c;0xab;HSD_STA_FE_DIAG_SEL_M_10_V;0x16
0047dd46;0xac;HSD_STA_FE_DIAG_SEL_M_5_V;0x17
0047dd50;0xb2;HSD_STA_FE_DIAG_SEL_SH;0x8
0047dd5a;0xb4;HSD_STA_FE_DIAG_SEL_TEMP_SW_CORR;0x9
0047dd64;0xb5;HSD_STA_FE_DIAG_SEL_THRESHOLD;0xa
0047dd6e;0xa8;HSD_STA_FE_DIAG_SEL_3_3_V;0xb
0047dd78;0xb3;HSD_STA_FE_DIAG_SEL_TEMP_FAN_CTRL;0xc
0047dd82;0xaa;HSD_STA_FE_DIAG_SEL_MULTPLX;0xd
0047dd8c;0xae;HSD_STA_FE_DIAG_SEL_PEAK_DETECT;0xe
0047dd96;0xaf;HSD_STA_FE_DIAG_SEL_POWER_ADC;0xf
0047dda0;0xb6;HSD_STA_FE_DIAG_SEL_TRISTATE;0x0
0047ddb0;0xbe;HSD_STA_FE_FAN_TEMP_CTRL;0x0
0047ddba;0xbd;HSD_STA_FE_FAN_ON;0x1
0047ddc8;0x9e;HSD_STA_FE_ATT_CTRL_EXTERNAL;0x0
0047ddd2;0x9f;HSD_STA_FE_ATT_CTRL_STATIC;0x1
0047dde8;0x3e;HSD_STA_DIG_PRG;0x0
0047ddf2;0x43;HSD_STA_DIG_RUN;0x1
0047de00;0x42;HSD_STA_DIG_RESET;0x0
0047de0a;0x43;HSD_STA_DIG_RUN;0x1
0047de18;0x3e;HSD_STA_DIG_PRG;0x1
0047de22;0x43;HSD_STA_DIG_RUN;0x0
0047de30;0x42;HSD_STA_DIG_RESET;0x1
0047de3a;0x43;HSD_STA_DIG_RUN;0x0
0047de48;0x36;HSD_STA_DIG_NONE;0x0
0047de52;0x5f;HSD_STA_DIG_XIL;0x1
0047de5c;0x34;HSD_STA_DIG_NET_CLK_1;0x2
0047de66;0x35;HSD_STA_DIG_NET_CLK_2;0x4
0047de70;0x36;HSD_STA_DIG_NONE;0x0
0047de7a;0x34;HSD_STA_DIG_NET_CLK_1;0x1
0047de84;0x35;HSD_STA_DIG_NET_CLK_2;0x2
0047de90;0x34;HSD_STA_DIG_NET_CLK_1;0x1
0047de9a;0x35;HSD_STA_DIG_NET_CLK_2;0x0
0047dea8;0x34;HSD_STA_DIG_NET_CLK_1;0x0
0047deb2;0x35;HSD_STA_DIG_NET_CLK_2;0x1
0047dec0;0x36;HSD_STA_DIG_NONE;0x0
0047deca;0x34;HSD_STA_DIG_NET_CLK_1;0x1
0047ded4;0x35;HSD_STA_DIG_NET_CLK_2;0x2
0047dee0;0x6;HSD_STA_DIG_ADC_SEL_BOTH_ADC_TO_DDC;0x0
0047deea;0x5;HSD_STA_DIG_ADC_SEL_ADC_2_TO_BOTH_DCC;0x1
0047def4;0x4;HSD_STA_DIG_ADC_SEL_ADC_1_TO_BOTH_DCC;0x2
0047df00;0x11;HSD_STA_DIG_DEM_SER_ROUTE_BOTH_DDC_TO_LH;0x0
0047df0a;0x12;HSD_STA_DIG_DEM_SER_ROUTE_REVERSE_DDC_TO_LH;0x1
0047df18;0x2f;HSD_STA_DIG_MEAS;0x0
0047df22;0x9;HSD_STA_DIG_CAL;0x1
0047df30;0x24;HSD_STA_DIG_IDLE;0x0
0047df3a;0x57;HSD_STA_DIG_START_CONV;0x1
0047df48;0x5e;HSD_STA_DIG_UNI_POL;0x0
0047df52;0x7;HSD_STA_DIG_BI_POL;0x1
0047df60;0x62;HSD_STA_DIG_ZF;0x0
0047df6a;0x1a;HSD_STA_DIG_FM;0x1
0047df78;0x13;HSD_STA_DIG_DIAG;0x0
0047df82;0x59;HSD_STA_DIG_TEMP;0x4
0047df8c;0x63;HSD_STA_DIG_DIAG_REG_VOLT;0x5
0047df96;0x1b;HSD_STA_DIG_GND;0x7
0047dfa0;0x34;HSD_STA_DIG_NET_CLK_1;0x9
0047dfaa;0x35;HSD_STA_DIG_NET_CLK_2;0x12
0047dfb4;0x41;HSD_STA_DIG_REF_CLK;0x23
0047dfc0;0x15;HSD_STA_DIG_DIAG_LINE_RELEASE;0x0
0047dfca;0x14;HSD_STA_DIG_DIAG_LINE_GND;0x1
0047dfd8;0x2a;HSD_STA_DIG_LH_1_PRI_TX;0x0
0047dfe2;0x2b;HSD_STA_DIG_LH_1_SEC_TX;0x1
0047dfec;0x2d;HSD_STA_DIG_LH_2_PRI_TX;0x2
0047dff6;0x2e;HSD_STA_DIG_LH_2_SEC_TX;0x3
0047e000;0x5a;HSD_STA_DIG_TX_DSP_1;0x4
0047e00a;0x5b;HSD_STA_DIG_TX_DSP_2;0x5
0047e014;0x30;HSD_STA_DIG_MOD_TO_AUC1;0x6
0047e01e;0x31;HSD_STA_DIG_MOD_TO_AUC2;0x7
0047e030;0x5d;HSD_STA_DIG_UNFILTERED_REG_BAND;0x0
0047e03a;0x3;HSD_STA_DIG_30_KHZ_REG_BAND;0x1
0047e044;0x1;HSD_STA_DIG_300_KHZ_REG_BAND;0x2
0047e04e;0xa;HSD_STA_DIG_CARRIER_ONLY;0x3
0047e058;0x5c;HSD_STA_DIG_UNFILTERED_INV_BAND;0x4
0047e062;0x2;HSD_STA_DIG_30_KHZ_INV_BAND;0x5
0047e06c;0x0;HSD_STA_DIG_300_KHZ_INV_BAND;0x6
0047e076;0x3c;HSD_STA_DIG_NO_IF_OUT_SIGNAL;0x7
0047e080;0x58;HSD_STA_DIG_SWITCH;0x0
0047e08a;0x32;HSD_STA_DIG_NCO;0x1
0047e098;0x36;HSD_STA_DIG_NONE;0x0
0047e0a2;0x34;HSD_STA_DIG_NET_CLK_1;0x1
0047e0ac;0x35;HSD_STA_DIG_NET_CLK_2;0x2
0047e0b6;0x19;HSD_STA_DIG_FIXED_CLK;0x4
0047e0c8;0xf;HSD_STA_DIG_DDC_1;0x0
0047e0d2;0x10;HSD_STA_DIG_DDC_2;0x1
0047e0e0;0xf;HSD_STA_DIG_DDC_1;0x1
0047e0ea;0x10;HSD_STA_DIG_DDC_2;0x0
0047e0f8;0x26;HSD_STA_DIG_IQ_CLK;0x0
0047e102;0x33;HSD_STA_DIG_NET_CLK;0x1
0047e110;0x29;HSD_STA_DIG_LH_1;0x0
0047e11a;0x2c;HSD_STA_DIG_LH_2;0x1
0047e128;0x29;HSD_STA_DIG_LH_1;0x1
0047e132;0x2c;HSD_STA_DIG_LH_2;0x0
0047e140;0x3a;HSD_STA_DIG_NOT_QUIT;0x0
0047e14a;0x3f;HSD_STA_DIG_QUIT;0x1
0047e160;0x4b;HSD_STA_DIG_SAMPLE_CLK_SRC_NONE;0x0
0047e16a;0x49;HSD_STA_DIG_SAMPLE_CLK_SRC_NETCLK1;0x1
0047e174;0x4a;HSD_STA_DIG_SAMPLE_CLK_SRC_NETCLK2;0x2
0047e17e;0x48;HSD_STA_DIG_SAMPLE_CLK_SRC_FIXED;0x3
0047e190;0x178;HSD_STA_NOT_PRESENT;0x0
0047e19a;0x17b;HSD_STA_PRESENT;0x1
0047e1a8;0x27;HSD_STA_DIG_LH1_SCI_SEL;0x0
0047e1b2;0x28;HSD_STA_DIG_LH2_SCI_SEL;0x1
0047e1c0;0x17;HSD_STA_DIG_DUC_NOT_PRESENT;0x0
0047e1ca;0x18;HSD_STA_DIG_DUC_PRESENT;0x1
0047e1d8;0x61;HSD_STA_DIG_XIL_RUN;0x0
0047e1e2;0x60;HSD_STA_DIG_XIL_RESET;0x1
0047e1f0;0xe;HSD_STA_DIG_CLK_SRC_NONE;0x0
0047e1fa;0xc;HSD_STA_DIG_CLK_SRC_NETCLK1;0x1
0047e204;0xd;HSD_STA_DIG_CLK_SRC_NETCLK2;0x2
0047e20e;0xb;HSD_STA_DIG_CLK_SRC_FIXEDCLK;0x3
0047e218;0xe;HSD_STA_DIG_CLK_SRC_NONE;0x0
0047e222;0xc;HSD_STA_DIG_CLK_SRC_NETCLK1;0x1
0047e22c;0xd;HSD_STA_DIG_CLK_SRC_NETCLK2;0x2
0047e236;0xb;HSD_STA_DIG_CLK_SRC_FIXEDCLK;0x3
0047e240;0x3b;HSD_STA_DIG_NOT_READY;0x0
0047e24a;0x16;HSD_STA_DIG_DONE;0x1
0047e258;0x25;HSD_STA_DIG_INIT;0x0
0047e262;0x38;HSD_STA_DIG_NOT_INIT;0x1
0047e270;0x8;HSD_STA_DIG_BUSY;0x0
0047e27a;0x37;HSD_STA_DIG_NOT_BUSY;0x1
0047e290;0x40;HSD_STA_DIG_READY;0x0
0047e29a;0x8;HSD_STA_DIG_BUSY;0x1
0047e2a8;0xd3;HSD_STA_LH_RESET;0x0
0047e2b2;0xd4;HSD_STA_LH_RUN;0x1
0047e2c0;0xd1;HSD_STA_LH_DPRAM;0x0
0047e2ca;0xd5;HSD_STA_LH_XILINX;0x1
0047e2d8;0xd0;HSD_STA_LH_DISABLE;0x0
0047e2e2;0xd2;HSD_STA_LH_ENABLE;0x1
0047e2f0;0x1e;HSD_STA_DIG_HOST_FIFO_NOT_EMPTY;0x0
0047e2fa;0x1c;HSD_STA_DIG_HOST_FIFO_EMPTY;0x1
0047e308;0x20;HSD_STA_DIG_HOST_FIFO_OVER_ALMOST_EMPTY;0x0
0047e312;0x22;HSD_STA_DIG_HOST_FIFO_UNDER_ALMOST_EMPTY;0x1
0047e320;0x23;HSD_STA_DIG_HOST_FIFO_UNDER_ALMOST_FULL;0x0
0047e32a;0x21;HSD_STA_DIG_HOST_FIFO_OVER_ALMOST_FULL;0x1
0047e338;0x1f;HSD_STA_DIG_HOST_FIFO_NOT_FULL;0x0
0047e342;0x1d;HSD_STA_DIG_HOST_FIFO_FULL;0x1
0047e350;0x7b;HSD_STA_DIG_WIDEBAND_POWER_1_TRIGGER;0x0
0047e35a;0x7c;HSD_STA_DIG_WIDEBAND_POWER_2_TRIGGER;0x1
0047e364;0x44;HSD_STA_DIG_RXTX1_TRIGGER;0x2
0047e36e;0x45;HSD_STA_DIG_RXTX2_TRIGGER;0x3
0047e378;0x7d;HSD_STA_DIG_TBUS_TRIGGER;0x4
0047e382;0x174;HSD_STA_DISABLE;0x5
0047e38c;0x66;HSD_STA_DIG_SLOT_CLK_1_TRIGGER;0x6
0047e396;0x67;HSD_STA_DIG_SLOT_CLK_2_TRIGGER;0x7
0047e3a0;0x4c;HSD_STA_DIG_SER_DISABLE;0x0
0047e3aa;0x4d;HSD_STA_DIG_SER_ENABLE;0x1
0047e3b8;0x4e;HSD_STA_DIG_SER_ROUTE_A;0x0
0047e3c2;0x4f;HSD_STA_DIG_SER_ROUTE_B;0x1
0047e3cc;0x50;HSD_STA_DIG_SER_ROUTE_C;0x10
0047e3d8;0x51;HSD_STA_DIG_SER_ROUTE_D;0x0
0047e3e2;0x52;HSD_STA_DIG_SER_ROUTE_E;0x1
0047e3ec;0x53;HSD_STA_DIG_SER_ROUTE_F;0x10
0047e3f6;0x54;HSD_STA_DIG_SER_ROUTE_G;0x11
0047e400;0x4c;HSD_STA_DIG_SER_DISABLE;0x0
0047e40a;0x55;HSD_STA_DIG_SER_RXTX1;0x1
0047e414;0x56;HSD_STA_DIG_SER_RXTX2;0x2
0047e420;0x4c;HSD_STA_DIG_SER_DISABLE;0x0
0047e42a;0x55;HSD_STA_DIG_SER_RXTX1;0x1
0047e434;0x56;HSD_STA_DIG_SER_RXTX2;0x2
0047e440;0x42;HSD_STA_DIG_RESET;0x0
0047e44a;0x43;HSD_STA_DIG_RUN;0x1
0047e458;0x1c8;HSD_STA_CBT_AUDIO_OFF;0x0
0047e462;0x1c9;HSD_STA_CBT_AUDIO_FPGA;0x1
0047e46c;0x1ca;HSD_STA_CBT_AUDIO_SPDIF_RX;0x2
0047e476;0x1cb;HSD_STA_CBT_AUDIO_DSP_ESSI1;0x3
0047e480;0x178;HSD_STA_NOT_PRESENT;0x0
0047e48a;0x17b;HSD_STA_PRESENT;0x1
0047e498;0xfa;HSD_STA_AUDIO_I2C_NOT_BUSY;0x0
0047e4a2;0xfb;HSD_STA_AUDIO_I2C_BUSY;0x1
0047e4b0;0xfc;HSD_STA_CRTC_LH_DIAG_OFF;0x0
0047e4ba;0xfd;HSD_STA_CRTC_LH_DIAG_TEMP_1;0x8
0047e4c4;0xfe;HSD_STA_CRTC_LH_DIAG_2_5_V;0x9
0047e4ce;0xff;HSD_STA_CRTC_LH_DIAG_3_3_V;0xa
0047e4d8;0x100;HSD_STA_CRTC_LH_DIAG_1_8_V;0xb
0047e4e2;0x101;HSD_STA_CRTC_LH_DIAG_VREF;0xc
0047e4ec;0x102;HSD_STA_CRTC_LH_DIAG_TEMP_2;0xd
0047e4f6;0x103;HSD_STA_CRTC_LH_DIAG_GND;0xe
0047e500;0x104;HSD_STA_CRTC_LH_DIAG_POS_PRIM_IQOUT;0x10
0047e50a;0x105;HSD_STA_CRTC_LH_DIAG_NEG_PRIM_IQOUT;0x11
0047e514;0x106;HSD_STA_CRTC_LH_DIAG_POS_SEC_IQOUT;0x12
0047e51e;0x107;HSD_STA_CRTC_LH_DIAG_NEG_SEC_IQOUT;0x13
0047e528;0x16d;HSD_STA_CRTC_LH_I2C_SRC_MC;0x0
0047e532;0x16e;HSD_STA_CRTC_LH_I2C_SRC_NONE;0x1
0047e53c;0x16f;HSD_STA_CRTC_LH_I2C_SRC_EXT;0x2
0047e546;0x170;HSD_STA_CRTC_LH_I2C_SRC_FPGA;0x3
0047e550;0xfc;HSD_STA_CRTC_LH_DIAG_OFF;0x0
0047e55a;0xfd;HSD_STA_CRTC_LH_DIAG_TEMP_1;0x8
0047e564;0xfe;HSD_STA_CRTC_LH_DIAG_2_5_V;0x9
0047e56e;0xff;HSD_STA_CRTC_LH_DIAG_3_3_V;0xa
0047e578;0x100;HSD_STA_CRTC_LH_DIAG_1_8_V;0xb
0047e582;0x101;HSD_STA_CRTC_LH_DIAG_VREF;0xc
0047e58c;0x102;HSD_STA_CRTC_LH_DIAG_TEMP_2;0xd
0047e596;0x103;HSD_STA_CRTC_LH_DIAG_GND;0xe
0047e5a0;0x104;HSD_STA_CRTC_LH_DIAG_POS_PRIM_IQOUT;0x10
0047e5aa;0x105;HSD_STA_CRTC_LH_DIAG_NEG_PRIM_IQOUT;0x11
0047e5b4;0x106;HSD_STA_CRTC_LH_DIAG_POS_SEC_IQOUT;0x12
0047e5be;0x107;HSD_STA_CRTC_LH_DIAG_NEG_SEC_IQOUT;0x13
0047e5c8;0x108;HSD_STA_MAC_DIAG_TEMP;0x0
0047e5d2;0x109;HSD_STA_MAC_DIAG_VCO_CTRL;0x1
0047e5dc;0x10a;HSD_STA_MAC_DIAG_CODEC_REF;0x2
0047e5e6;0x10b;HSD_STA_MAC_DIAG_3_3_V;0x3
0047e5f0;0x10c;HSD_STA_MAC_DIAG_5_V;0x4
0047e5fa;0x10d;HSD_STA_MAC_DIAG_VREF;0x5
0047e604;0x10e;HSD_STA_MAC_DIAG_12_V_POS;0x6
0047e60e;0x10f;HSD_STA_MAC_DIAG_12_V_NEG;0x7
0047e620;0x178;HSD_STA_NOT_PRESENT;0x1
0047e62a;0x17b;HSD_STA_PRESENT;0x0
0047e638;0x118;HSD_STA_IQIF_FILT_SEL_2_5_MHZ;0x0
0047e642;0x119;HSD_STA_IQIF_FILT_SEL_300_KHZ;0x1
0047e64c;0x11a;HSD_STA_IQIF_FILT_SEL_30_KHZ;0x3
0047e658;0x11a;HSD_STA_IQIF_FILT_SEL_30_KHZ;0x0
0047e662;0x118;HSD_STA_IQIF_FILT_SEL_2_5_MHZ;0x1
0047e66c;0x119;HSD_STA_IQIF_FILT_SEL_300_KHZ;0x2
0047e678;0x110;HSD_STA_IQIF_RX_EXT_IF_IN;0x0
0047e682;0x111;HSD_STA_IQIF_RX_INT_IF_IN;0x1
0047e690;0x113;HSD_STA_IQIF_RX_EXT_DEMOD_IN;0x0
0047e69a;0x112;HSD_STA_IQIF_RX_INT_DEMOD_IN;0x1
0047e6a8;0x114;HSD_STA_IQIF_TX_EXT_IF_IN;0x0
0047e6b2;0x115;HSD_STA_IQIF_TX_INT_IF_IN;0x1
0047e6c0;0x117;HSD_STA_IQIF_TX_EXT_MOD_IN;0x0
0047e6ca;0x116;HSD_STA_IQIF_TX_INT_MOD_IN;0x1
0047e6d8;0x11b;HSD_STA_IQIF_DIAG_SEL_28_V_POS;0x0
0047e6e2;0x11c;HSD_STA_IQIF_DIAG_SEL_12_V_POS;0x1
0047e6ec;0x11d;HSD_STA_IQIF_DIAG_SEL_5_V_NEG;0x2
0047e6f6;0x11e;HSD_STA_IQIF_DIAG_SEL_5_V_POS;0x3
0047e700;0x11f;HSD_STA_IQIF_DIAG_SEL_8_V_POS;0x4
0047e70a;0x120;HSD_STA_IQIF_DIAG_SEL_12_V_NEG;0x5
0047e714;0x121;HSD_STA_IQIF_DIAG_SEL_REF_5_V_POS;0x6
0047e71e;0x122;HSD_STA_IQIF_DIAG_SEL_REF_5_V_NEG;0x7
0047e728;0x123;HSD_STA_IQIF_DIAG_SEL_TX_TEMP;0x8
0047e732;0x124;HSD_STA_IQIF_DIAG_SEL_RX_TEMP;0x9
0047e73c;0x125;HSD_STA_IQIF_DIAG_SEL_10_M_REG_LEV;0xa
0047e746;0x126;HSD_STA_IQIF_DIAG_SEL_10_M_LO_TUNE;0xb
0047e750;0x127;HSD_STA_IQIF_DIAG_SEL_TX1_OUT_I_OFS;0x10
0047e75a;0x128;HSD_STA_IQIF_DIAG_SEL_TX1_OUT_Q_OFS;0x11
0047e764;0x129;HSD_STA_IQIF_DIAG_SEL_TX1_IN_I_OFS;0x12
0047e76e;0x12a;HSD_STA_IQIF_DIAG_SEL_TX1_IN_Q_OFS;0x13
0047e778;0x12b;HSD_STA_IQIF_DIAG_SEL_RX1_OUT_I_OFS;0x14
0047e782;0x12c;HSD_STA_IQIF_DIAG_SEL_RX1_OUT_Q_OFS;0x15
0047e78c;0x12d;HSD_STA_IQIF_DIAG_SEL_RX1_IN_I_OFS;0x16
0047e796;0x12e;HSD_STA_IQIF_DIAG_SEL_RX1_IN_Q_OFS;0x17
0047e7a0;0x12f;HSD_STA_IQIF_DIAG_SEL_TX1_OUT_I_GAIN;0x18
0047e7aa;0x130;HSD_STA_IQIF_DIAG_SEL_TX1_OUT_Q_GAIN;0x19
0047e7b4;0x131;HSD_STA_IQIF_DIAG_SEL_TX1_IN_I_GAIN;0x1a
0047e7be;0x132;HSD_STA_IQIF_DIAG_SEL_TX1_IN_Q_GAIN;0x1b
0047e7c8;0x133;HSD_STA_IQIF_DIAG_SEL_RX1_OUT_I_GAIN;0x1c
0047e7d2;0x134;HSD_STA_IQIF_DIAG_SEL_RX1_OUT_Q_GAIN;0x1d
0047e7dc;0x135;HSD_STA_IQIF_DIAG_SEL_RX1_IN_I_GAIN;0x1e
0047e7e6;0x136;HSD_STA_IQIF_DIAG_SEL_RX1_IN_Q_GAIN;0x1f
0047e7f0;0x137;HSD_STA_IQIF_DIAG_SEL_TX1_OUT_PH;0x20
0047e7fa;0x138;HSD_STA_IQIF_DIAG_SEL_TX1_IN_PH;0x21
0047e804;0x139;HSD_STA_IQIF_DIAG_SEL_RX1_OUT_PH;0x22
0047e80e;0x13a;HSD_STA_IQIF_DIAG_SEL_RX1_IN_PH;0x23
0047e818;0x13b;HSD_STA_IQIF_DIAG_SEL_TX1_REG_LEV;0x24
0047e822;0x13c;HSD_STA_IQIF_DIAG_SEL_TX1_LO_TUNE;0x25
0047e82c;0x13d;HSD_STA_IQIF_DIAG_SEL_RX1_REG_LEV;0x26
0047e836;0x13e;HSD_STA_IQIF_DIAG_SEL_RX1_LO_TUNE;0x27
0047e840;0x13f;HSD_STA_IQIF_DIAG_SEL_TX2_OUT_I_OFS;0x28
0047e84a;0x140;HSD_STA_IQIF_DIAG_SEL_TX2_OUT_Q_OFS;0x29
0047e854;0x141;HSD_STA_IQIF_DIAG_SEL_TX2_IN_I_OFS;0x2a
0047e85e;0x142;HSD_STA_IQIF_DIAG_SEL_TX2_IN_Q_OFS;0x2b
0047e868;0x143;HSD_STA_IQIF_DIAG_SEL_RX2_OUT_I_OFS;0x2c
0047e872;0x144;HSD_STA_IQIF_DIAG_SEL_RX2_OUT_Q_OFS;0x2d
0047e87c;0x145;HSD_STA_IQIF_DIAG_SEL_RX2_IN_I_OFS;0x2e
0047e886;0x146;HSD_STA_IQIF_DIAG_SEL_RX2_IN_Q_OFS;0x2f
0047e890;0x147;HSD_STA_IQIF_DIAG_SEL_TX2_OUT_I_GAIN;0x30
0047e89a;0x148;HSD_STA_IQIF_DIAG_SEL_TX2_OUT_Q_GAIN;0x31
0047e8a4;0x149;HSD_STA_IQIF_DIAG_SEL_TX2_IN_I_GAIN;0x32
0047e8ae;0x14a;HSD_STA_IQIF_DIAG_SEL_TX2_IN_Q_GAIN;0x33
0047e8b8;0x14b;HSD_STA_IQIF_DIAG_SEL_RX2_OUT_I_GAIN;0x34
0047e8c2;0x14c;HSD_STA_IQIF_DIAG_SEL_RX2_OUT_Q_GAIN;0x35
0047e8cc;0x14d;HSD_STA_IQIF_DIAG_SEL_RX2_IN_I_GAIN;0x36
0047e8d6;0x14e;HSD_STA_IQIF_DIAG_SEL_RX2_IN_Q_GAIN;0x37
0047e8e0;0x14f;HSD_STA_IQIF_DIAG_SEL_TX2_OUT_PH;0x38
0047e8ea;0x150;HSD_STA_IQIF_DIAG_SEL_TX2_IN_PH;0x39
0047e8f4;0x151;HSD_STA_IQIF_DIAG_SEL_RX2_OUT_PH;0x3a
0047e8fe;0x152;HSD_STA_IQIF_DIAG_SEL_RX2_IN_PH;0x3b
0047e908;0x153;HSD_STA_IQIF_DIAG_SEL_TX2_REG_LEV;0x3c
0047e912;0x154;HSD_STA_IQIF_DIAG_SEL_TX2_LO_TUNE;0x3d
0047e91c;0x155;HSD_STA_IQIF_DIAG_SEL_RX2_REG_LEV;0x3e
0047e926;0x156;HSD_STA_IQIF_DIAG_SEL_RX2_LO_TUNE;0x3f
0047e930;0x157;HSD_STA_IQIF_FILT_SEL_BP_0;0x3
0047e93a;0x158;HSD_STA_IQIF_FILT_SEL_BP_1;0x1
0047e944;0x159;HSD_STA_IQIF_FILT_SEL_BP_2;0x2
0047e94e;0x15a;HSD_STA_IQIF_FILT_SEL_BP_3;0x0
0047e960;0x166;HSD_STA_FE_TRIG_0_SEL_1;0x0
0047e96a;0x167;HSD_STA_FE_TRIG_0_SEL_2;0x2
0047e974;0x168;HSD_STA_FE_TRIG_0_SEL_MEASDIODE;0x3
0047e980;0x169;HSD_STA_FE_TRIG_1_SEL_1;0x0
0047e98a;0x16a;HSD_STA_FE_TRIG_1_SEL_2;0x1
0047e998;0x16c;HSD_STA_FE_THRESHOLD_DIAG_MUX_INT_1;0x0
0047e9a2;0x16b;HSD_STA_FE_THRESHOLD_DIAG_MUX_INT_0;0x1
0047e9b0;0x15b;HSD_STA_IQIF_DAC_SCR_DATFMT_PAR;0x0
0047e9ba;0x15c;HSD_STA_IQIF_DAC_SCR_DATFMT_BYTE;0x1
0047e9c8;0x15e;HSD_STA_IQIF_DAC_SCR_COD_COMP;0x0
0047e9d2;0x15d;HSD_STA_IQIF_DAC_SCR_COD_BIN;0x1
0047e9e0;0x15f;HSD_STA_IQIF_DAC_SCR_PD_PWR_DOWN;0x0
0047e9ea;0x160;HSD_STA_IQIF_DAC_SCR_PD_PWR_UP;0x1
0047ea00;0x164;HSD_STA_IQIF_DAC_CCR_DAC_SEL_MAIN;0x0
0047ea0a;0x165;HSD_STA_IQIF_DAC_CCR_DAC_SEL_SUB;0x1
0047ea18;0x161;HSD_STA_IQIF_DAC_CCR_MX_VDD;0x0
0047ea22;0x162;HSD_STA_IQIF_DAC_CCR_MX_INT_REF;0x1
0047ea2c;0x163;HSD_STA_IQIF_DAC_CCR_MX_EXT_REF;0x2
0047ea88;0x68;HSD_STA_DIG_EXTTBUS_1_SEL;0x0
0047ea92;0x69;HSD_STA_DIG_EXTTBUS_2_SEL;0x1
0047ea9c;0x6a;HSD_STA_DIG_EXTTBUS_3_SEL;0x2
0047eaa6;0x6b;HSD_STA_DIG_EXTTBUS_4_SEL;0x3
0047eab0;0x6c;HSD_STA_DIG_RXDSP_1_TRIG_TBUS_SEL;0x4
0047eaba;0x6d;HSD_STA_DIG_RXDSP_2_TRIG_TBUS_SEL;0x5
0047eac4;0x6e;HSD_STA_DIG_LH_1_TRIG_SEL;0x6
0047eace;0x6f;HSD_STA_DIG_LH_2_TRIG_SEL;0x7
0047ead8;0x70;HSD_STA_DIG_EXTTBUS_DLY_CNT_SRC;0x8
0047eae2;0x71;HSD_STA_DIG_EXTTBUS_13_SEL;0xe
0047eaec;0x72;HSD_STA_DIG_EXTTBUS_14_SEL;0xf
0047eaf6;0x73;HSD_STA_DIG_EXTTBUS_DELAY_1_VALUE;0x10
0047eb00;0x74;HSD_STA_DIG_EXTTBUS_DELAY_1_PULSE_LEN;0x11
0047eb0a;0x75;HSD_STA_DIG_EXTTBUS_DELAY_2_VALUE;0x12
0047eb14;0x76;HSD_STA_DIG_EXTTBUS_DELAY_2_PULSE_LEN;0x13
0047eb1e;0x77;HSD_STA_DIG_RXDSP_1_DELAY_VALUE;0x14
0047eb28;0x78;HSD_STA_DIG_RXDSP_2_DELAY_VALUE;0x15
0047eb32;0x79;HSD_STA_DIG_LH_1_DELAY_VALUE;0x16
0047eb3c;0x7a;HSD_STA_DIG_LH_2_DELAY_VALUE;0x17
0047eb48;0x7e;HSD_STA_DIG_LH_1_TBUS_1;0x0
0047eb52;0x7f;HSD_STA_DIG_LH_1_TBUS_2;0x1
0047eb5c;0x80;HSD_STA_DIG_LH_1_TBUS_3;0x2
0047eb66;0x81;HSD_STA_DIG_LH_1_TBUS_4;0x3
0047eb70;0x82;HSD_STA_DIG_LH_1_TBUS_5;0x4
0047eb7a;0x83;HSD_STA_DIG_LH_1_TBUS_6;0x5
0047eb84;0x84;HSD_STA_DIG_LH_1_TBUS_8;0x6
0047eb8e;0x85;HSD_STA_DIG_LH_1_SIGINT;0x7
0047eb98;0x86;HSD_STA_DIG_LH_2_TBUS_1;0x8
0047eba2;0x87;HSD_STA_DIG_LH_2_TBUS_2;0x9
0047ebac;0x88;HSD_STA_DIG_LH_2_TBUS_3;0xa
0047ebb6;0x89;HSD_STA_DIG_LH_2_TBUS_4;0xb
0047ebc0;0x8a;HSD_STA_DIG_LH_2_TBUS_5;0xc
0047ebca;0x8b;HSD_STA_DIG_LH_2_TBUS_6;0xd
0047ebd4;0x8c;HSD_STA_DIG_LH_2_TBUS_8;0xe
0047ebde;0x8d;HSD_STA_DIG_LH_2_SIGINT;0xf
0047ebe8;0x8e;HSD_STA_DIG_TXDSP_1_FRAME;0x10
0047ebf2;0x8f;HSD_STA_DIG_TXDSP_2_FRAME;0x11
0047ebfc;0x90;HSD_STA_DIG_LH_1_RXSET;0x12
0047ec06;0x91;HSD_STA_DIG_LH_2_RXSET;0x13
0047ec10;0x95;HSD_STA_DIG_EXTTBUS_5;0x1e
0047ec1a;0x98;HSD_STA_DIG_EXTTBUS_10;0x1f
0047ec28;0x92;HSD_STA_DIG_UNDELAYED;0x0
0047ec32;0x93;HSD_STA_DIG_EXTTBUS_DELAY_1;0x1
0047ec3c;0x94;HSD_STA_DIG_EXTTBUS_DELAY_2;0x2
0047ec46;0x174;HSD_STA_DISABLE;0x3
0047ec50;0x7e;HSD_STA_DIG_LH_1_TBUS_1;0x0
0047ec5a;0x7f;HSD_STA_DIG_LH_1_TBUS_2;0x1
0047ec64;0x80;HSD_STA_DIG_LH_1_TBUS_3;0x2
0047ec6e;0x81;HSD_STA_DIG_LH_1_TBUS_4;0x3
0047ec78;0x82;HSD_STA_DIG_LH_1_TBUS_5;0x4
0047ec82;0x83;HSD_STA_DIG_LH_1_TBUS_6;0x5
0047ec8c;0x84;HSD_STA_DIG_LH_1_TBUS_8;0x6
0047ec96;0x85;HSD_STA_DIG_LH_1_SIGINT;0x7
0047eca0;0x86;HSD_STA_DIG_LH_2_TBUS_1;0x8
0047ecaa;0x87;HSD_STA_DIG_LH_2_TBUS_2;0x9
0047ecb4;0x88;HSD_STA_DIG_LH_2_TBUS_3;0xa
0047ecbe;0x89;HSD_STA_DIG_LH_2_TBUS_4;0xb
0047ecc8;0x8a;HSD_STA_DIG_LH_2_TBUS_5;0xc
0047ecd2;0x8b;HSD_STA_DIG_LH_2_TBUS_6;0xd
0047ecdc;0x8c;HSD_STA_DIG_LH_2_TBUS_8;0xe
0047ece6;0x8d;HSD_STA_DIG_LH_2_SIGINT;0xf
0047ecf0;0x95;HSD_STA_DIG_EXTTBUS_5;0x10
0047ecfa;0x96;HSD_STA_DIG_EXTTBUS_6;0x11
0047ed04;0x97;HSD_STA_DIG_EXTTBUS_7;0x12
0047ed10;0x99;HSD_STA_DIG_SOFTWARE_TRIGGER;0x0
0047ed1a;0x95;HSD_STA_DIG_EXTTBUS_5;0x1
0047ed24;0x96;HSD_STA_DIG_EXTTBUS_6;0x2
0047ed2e;0x97;HSD_STA_DIG_EXTTBUS_7;0x3
0047ed38;0x98;HSD_STA_DIG_EXTTBUS_10;0x6
0047ed42;0x174;HSD_STA_DISABLE;0xb
0047ed4c;0x44;HSD_STA_DIG_RXTX1_TRIGGER;0xc
0047ed56;0x45;HSD_STA_DIG_RXTX2_TRIGGER;0xd
0047ed60;0x7b;HSD_STA_DIG_WIDEBAND_POWER_1_TRIGGER;0xe
0047ed6a;0x7c;HSD_STA_DIG_WIDEBAND_POWER_2_TRIGGER;0xf
0047ed78;0x9a;HSD_STA_DIG_EXTTBUS_1_SRC;0x0
0047ed82;0x9b;HSD_STA_DIG_EXTTBUS_2_SRC;0x1
0047ed8c;0x9c;HSD_STA_DIG_EXTTBUS_3_SRC;0x2
0047ed96;0x9d;HSD_STA_DIG_EXTTBUS_4_SRC;0x3
0047eda0;0x17e;HSD_STA_CRTC_LH_INT_CLK;0x0
0047edaa;0x17d;HSD_STA_CRTC_LH_EXT_CLK;0x1
0047edb8;0x17f;HSD_STA_CRTC_LH_DSP_2_TRIGGER;0x0
0047edc2;0x180;HSD_STA_CRTC_LH_DSP_1_TRIGGER;0x1
0047edcc;0x181;HSD_STA_CRTC_LH_DSP_3_TRIGGER;0x3
0047edd8;0x182;HSD_STA_IQIF_DIAG_SEL_3_28_V_POS;0x0
0047ede2;0x183;HSD_STA_IQIF_DIAG_SEL_3_12_V_POS;0x1
0047edec;0x184;HSD_STA_IQIF_DIAG_SEL_3_5_V_NEG;0x2
0047edf6;0x185;HSD_STA_IQIF_DIAG_SEL_3_5_V_POS;0x3
0047ee00;0x186;HSD_STA_IQIF_DIAG_SEL_3_8_V_POS;0x4
0047ee0a;0x187;HSD_STA_IQIF_DIAG_SEL_3_12_V_NEG;0x5
0047ee14;0x188;HSD_STA_IQIF_DIAG_SEL_3_REF_5_V_POS;0x6
0047ee1e;0x189;HSD_STA_IQIF_DIAG_SEL_3_REF_5_V_NEG;0x7
0047ee28;0x18a;HSD_STA_IQIF_DIAG_SEL_3_TX1_OUT_PH;0x8
0047ee32;0x18b;HSD_STA_IQIF_DIAG_SEL_3_TX1_OUT_I_OFS;0x9
0047ee3c;0x18c;HSD_STA_IQIF_DIAG_SEL_3_RX1_OUT_PH;0xa
0047ee46;0x18d;HSD_STA_IQIF_DIAG_SEL_3_TX1_OUT_I_GAIN;0xb
0047ee50;0x18e;HSD_STA_IQIF_DIAG_SEL_3_TX1_REG_LEV;0xc
0047ee5a;0x18f;HSD_STA_IQIF_DIAG_SEL_3_TX1_LO_TUNE;0xd
0047ee64;0x190;HSD_STA_IQIF_DIAG_SEL_3_RX1_REG_LEV;0xe
0047ee6e;0x191;HSD_STA_IQIF_DIAG_SEL_3_RX1_LO_TUNE;0xf
0047ee78;0x192;HSD_STA_IQIF_DIAG_SEL_3_TX2_OUT_PH;0x10
0047ee82;0x193;HSD_STA_IQIF_DIAG_SEL_3_TX2_OUT_I_OFS;0x11
0047ee8c;0x194;HSD_STA_IQIF_DIAG_SEL_3_RX2_OUT_PH;0x12
0047ee96;0x195;HSD_STA_IQIF_DIAG_SEL_3_TX2_OUT_I_GAIN;0x13
0047eea0;0x196;HSD_STA_IQIF_DIAG_SEL_3_TX2_REG_LEV;0x14
0047eeaa;0x197;HSD_STA_IQIF_DIAG_SEL_3_TX2_LO_TUNE;0x15
0047eeb4;0x198;HSD_STA_IQIF_DIAG_SEL_3_RX2_REG_LEV;0x16
0047eebe;0x199;HSD_STA_IQIF_DIAG_SEL_3_RX2_LO_TUNE;0x17
0047eec8;0x19a;HSD_STA_IQIF_DIAG_SEL_3_TX_TEMP_1;0x20
0047eed2;0x19b;HSD_STA_IQIF_DIAG_SEL_3_10_M_LO_TUNE;0x28
0047eedc;0x19c;HSD_STA_IQIF_DIAG_SEL_3_TX_TEMP_2;0x30
0047eee6;0x19d;HSD_STA_IQIF_DIAG_SEL_3_10_M_REG_LEV;0x38
0047eef0;0x19e;HSD_STA_USU_CODEC_MUX_BT;0x0
0047eefa;0x19f;HSD_STA_USU_CODEC_MUX_CPDSP;0x1
0047ef08;0x1a0;HSD_STA_USU_SP_HOST_ISA;0x0
0047ef12;0x1a1;HSD_STA_USU_SP_HOST_FPGA;0x1
0047ef20;0x1a2;HSD_STA_USU_BT_HOST_ISA;0x0
0047ef2a;0x1a3;HSD_STA_USU_BT_HOST_FPGA;0x1
0047ef38;0x1a4;HSD_STA_USU_I2C_SOURCE_MC;0x0
0047ef42;0x1a5;HSD_STA_USU_I2C_SOURCE_NONE;0x1
0047ef4c;0x1a6;HSD_STA_USU_I2C_SOURCE_EXTERNAL;0x2
0047ef56;0x1a7;HSD_STA_USU_I2C_SOURCE_FPGA;0x3
0047ef60;0x19e;HSD_STA_USU_CODEC_MUX_BT;0x0
0047ef6a;0x19f;HSD_STA_USU_CODEC_MUX_CPDSP;0x1
0047ef78;0x1a0;HSD_STA_USU_SP_HOST_ISA;0x0
0047ef82;0x1a1;HSD_STA_USU_SP_HOST_FPGA;0x1
0047ef90;0x1a2;HSD_STA_USU_BT_HOST_ISA;0x0
0047ef9a;0x1a3;HSD_STA_USU_BT_HOST_FPGA;0x1
0047efa8;0x1a4;HSD_STA_USU_I2C_SOURCE_MC;0x0
0047efb2;0x1a5;HSD_STA_USU_I2C_SOURCE_NONE;0x1
0047efbc;0x1a6;HSD_STA_USU_I2C_SOURCE_EXTERNAL;0x2
0047efc6;0x1a7;HSD_STA_USU_I2C_SOURCE_FPGA;0x3
0047efd0;0x1ab;HSD_STA_EVDO_HOST_TIDSP;0x0
0047efda;0x1aa;HSD_STA_EVDO_HOST_ISA;0x1
0047efe8;0x1ac;HSD_STA_ESSI_EGPRS;0x0
0047eff2;0x1ad;HSD_STA_ESSI_CS;0x1
0047f000;0x1ae;HSD_STA_DIG_RX_DSP_NO_DEBOUNCE_COUNTER_START_NO_OUTGOING_TRIGGER_CHANGE;0x0
0047f00a;0x1af;HSD_STA_DIG_RX_DSP_START_DEBOUNCE_COUNTER_NO_OUTGOING_TRIGGER_CHANGE;0x1
0047f014;0x1b0;HSD_STA_DIG_RX_DSP_START_DEBOUNCE_COUNTER_OUTGOING_TRIGGER_LOW;0x2
0047f01e;0x1b1;HSD_STA_DIG_RX_DSP_START_DEBOUNCE_COUNTER_OUTGOING_TRIGGER_HIGH;0x3
0047f038;0x1b2;HSD_STA_CBT_SIGNALLING_MODE_IDLE;0x1
0047f042;0x1b3;HSD_STA_CBT_SIGNALLING_MODE_NORMAL;0x3
0047f04c;0x1b4;HSD_STA_CBT_SIGNALLING_MODE_ANALYSER;0x6
0047f056;0x1b5;HSD_STA_CBT_SIGNALLING_MODE_GEN_CONTINUOUS;0x7
0047f060;0x1b6;HSD_STA_CBT_DIRTY_TX_STATIC;0x0
0047f06a;0x1b7;HSD_STA_CBT_DIRTY_TX_DYNAMIC;0x1
0047f078;0x1b8;HSD_STA_TRIGGER_SIGINT;0x0
0047f082;0x1b9;HSD_STA_TRIGGER_EXT;0x1
0047f08c;0x1ba;HSD_STA_TRIGGER_RX_BURST;0x2
0047f096;0x1bb;HSD_STA_TRIGGER_NOT_USED;0x3
0047f0a0;0x1bc;HSD_STA_CBT_PACKET_TYPE_DH1;0x0
0047f0aa;0x1bd;HSD_STA_CBT_PACKET_TYPE_DH3;0x1
0047f0b4;0x1be;HSD_STA_CBT_PACKET_TYPE_DH5;0x2
0047f0be;0x1bf;HSD_STA_CBT_PACKET_TYPE_EDR;0x3
0047f0c8;0x1c0;HSD_STA_CBT_PACKET_TYPE_ULP;0x4
0047f0d8;0x1c1;HSD_STA_CBT_BIT_PATTERN_ALL0;0x0
0047f0e2;0x1c2;HSD_STA_CBT_BIT_PATTERN_ALL1;0x1
0047f0ec;0x1c3;HSD_STA_CBT_BIT_PATTERN_01010101;0x2
0047f0f6;0x1c4;HSD_STA_CBT_BIT_PATTERN_00110011;0x3
0047f100;0x1c5;HSD_STA_CBT_BIT_PATTERN_00001111;0x4
0047f10a;0x1c6;HSD_STA_CBT_BIT_PATTERN_PRBS;0x5
0047f114;0x1c7;HSD_STA_CBT_BIT_PATTERN_CW;0x6
0047f120;0x1cc;HSD_STA_COPRO_I2C_SOURCE_CPLD;0x0
0047f12a;0x1cd;HSD_STA_COPRO_I2C_SOURCE_EXT;0x1
